company_name,category,market,platform,handle,url,confidence,notes
Constantin Film,verleih_major,DE,instagram,constantinfilm,https://www.instagram.com/constantinfilm/,verified,
20th Century Studios Deutschland,verleih_major,DE,instagram,20thcenturystudiosde,https://www.instagram.com/20thcenturystudiosde/,verified,"63K Follower, 5117 Posts; Bio nennt Der Teufel traegt Prada 2 Release 2026-04-30"
Paramount Pictures Deutschland,verleih_major,DE,instagram,paramount_pictures_germany,https://www.instagram.com/paramount_pictures_germany/,verified,"Korrigiert von paramountpicturesde -> paramount_pictures_germany; 76K Follower, 3472 Posts"
Sony Pictures Deutschland,verleih_major,DE,instagram,sonypictures.de,https://www.instagram.com/sonypictures.de/,verified,"Korrigiert von sonypicturesde -> sonypictures.de (mit Punkt); 76K Follower, 5902 Posts"
Studiocanal Deutschland,verleih_major,DE,instagram,studiocanal.de,https://www.instagram.com/studiocanal.de/,verified,"Korrigiert von studiocanalde -> studiocanal.de (mit Punkt); 43K Follower, 3396 Posts"
Universal Pictures Deutschland,verleih_major,DE,instagram,universalpicturesde,https://www.instagram.com/universalpicturesde/,verified,"143K Follower, 3683 Posts; aktiv innerhalb der letzten 30 Tage (Stand 2026-05-03)"
Warner Bros. Deutschland,verleih_major,DE,instagram,warnerbrosde,https://www.instagram.com/warnerbrosde/,verified,"204K Follower, 5663 Posts; Bio referenziert Mortal Kombat II Release 2026-05-07"
Constantin Film,verleih_major,DE,youtube,ConstantinFilm,https://www.youtube.com/@ConstantinFilm,verified,
Sony Pictures Deutschland,verleih_major,DE,youtube,SonyPicturesGermany,https://www.youtube.com/@SonyPicturesGermany,verified,Channel-ID UCn-z5y-cFNPoPWDwTBMDLlQ; vollstaendiges Impressum Sony Pictures Entertainment Deutschland GmbH Berlin
Universal Pictures Deutschland,verleih_major,DE,youtube,UniversalPicturesDE,https://www.youtube.com/@UniversalPicturesDE,verified,Korrigiert von UniversalPicturesGermany -> UniversalPicturesDE; Channel-ID UCPqZp43m3Cg69JkvCvXh8Eg; aktuelle 2026er-Trailer
Warner Bros. Deutschland,verleih_major,DE,youtube,WarnerBrosDE,https://www.youtube.com/@WarnerBrosDE,verified,"Channel ""Warner Bros. Germany"" UCR88edMaCp9veFK6PVXyYpQ; letztes Video ca. 4 Wochen alt"
Disney+ Deutschland,streamer,DE,instagram,disneyplusde,https://www.instagram.com/disneyplusde/,verified,
Netflix Deutschland,streamer,DE,instagram,netflixde,https://www.instagram.com/netflixde/,verified,
Paramount+ DE,streamer,DE,instagram,paramountplusde,https://www.instagram.com/paramountplusde/,verified,
Prime Video DE,streamer,DE,instagram,primevideode,https://www.instagram.com/primevideode/,verified,
WOW / Sky DE,streamer,DE,instagram,wowtvde,https://www.instagram.com/wowtvde/,verified,
Netflix Deutschland,streamer,DE,youtube,NetflixDE,https://www.youtube.com/@NetflixDE,verified,
20th Century Studios,verleih_major,US,instagram,20thcenturystudios,https://www.instagram.com/20thcenturystudios/,verified,
Disney Studios,verleih_major,US,instagram,disneystudios,https://www.instagram.com/disneystudios/,verified,
Lionsgate,verleih_major,US,instagram,lionsgate,https://www.instagram.com/lionsgate/,verified,US Pendant zu Constantin (aehnliche Mid-Major-Rolle)
Paramount Pictures,verleih_major,US,instagram,paramountpics,https://www.instagram.com/paramountpics/,verified,
Sony Pictures,verleih_major,US,instagram,sonypictures,https://www.instagram.com/sonypictures/,verified,
Studiocanal,verleih_major,US,instagram,studiocanal,https://www.instagram.com/studiocanal/,verified,
Universal Pictures,verleih_major,US,instagram,universalpictures,https://www.instagram.com/universalpictures/,verified,Global/US
Warner Bros. Pictures,verleih_major,US,instagram,warnerbros,https://www.instagram.com/warnerbros/,verified,
Disney,verleih_major,US,tiktok,disney,https://www.tiktok.com/@disney,verified,
Paramount,verleih_major,US,tiktok,paramountpics,https://www.tiktok.com/@paramountpics,verified,
Sony Pictures,verleih_major,US,tiktok,sonypictures,https://www.tiktok.com/@sonypictures,verified,
Universal Pictures,verleih_major,US,tiktok,universalpictures,https://www.tiktok.com/@universalpictures,verified,Kein klarer DE-TikTok
Warner Bros.,verleih_major,US,tiktok,warnerbros,https://www.tiktok.com/@warnerbros,verified,
20th Century Studios,verleih_major,US,youtube,20thCenturyStudios,https://www.youtube.com/@20thCenturyStudios,verified,
Disney,verleih_major,US,youtube,WaltDisneyStudios,https://www.youtube.com/@WaltDisneyStudios,verified,
Lionsgate,verleih_major,US,youtube,LionsgateMovies,https://www.youtube.com/@LionsgateMovies,verified,
Paramount Pictures,verleih_major,US,youtube,ParamountPictures,https://www.youtube.com/@ParamountPictures,verified,
Sony Pictures,verleih_major,US,youtube,SonyPicturesEntertainment,https://www.youtube.com/@SonyPicturesEntertainment,verified,
Studiocanal,verleih_major,US,youtube,STUDIOCANAL,https://www.youtube.com/@STUDIOCANAL,verified,
Universal Pictures,verleih_major,US,youtube,UniversalPictures,https://www.youtube.com/@UniversalPictures,verified,
Warner Bros. Pictures,verleih_major,US,youtube,WarnerBrosPictures,https://www.youtube.com/@WarnerBrosPictures,verified,
Disney+,streamer,US,instagram,disneyplus,https://www.instagram.com/disneyplus/,verified,
Max (HBO),streamer,US,instagram,streamonmax,https://www.instagram.com/streamonmax/,verified,Pendant zu WOW DE
Netflix,streamer,US,instagram,netflix,https://www.instagram.com/netflix/,verified,
Paramount+,streamer,US,instagram,paramountplus,https://www.instagram.com/paramountplus/,verified,
Prime Video,streamer,US,instagram,primevideo,https://www.instagram.com/primevideo/,verified,
Netflix,streamer,US,tiktok,netflix,https://www.tiktok.com/@netflix,verified,
Apple TV,streamer,US,youtube,AppleTV,https://www.youtube.com/@AppleTV,verified,
Disney+,streamer,US,youtube,DisneyPlus,https://www.youtube.com/@DisneyPlus,verified,
Max,streamer,US,youtube,Max,https://www.youtube.com/@StreamOnMax,verified,
Netflix,streamer,US,youtube,Netflix,https://www.youtube.com/@Netflix,verified,
Paramount+,streamer,US,youtube,ParamountPlus,https://www.youtube.com/@ParamountPlus,verified,
Prime Video,streamer,US,youtube,PrimeVideo,https://www.youtube.com/@PrimeVideo,verified,
